case,stat,degree,alpha,r2_value
cloud_timesteps,mean,1,0.000760573247537887,0.8614745214451858
cloud_timesteps,mean,1,0.0009079545772236219,0.8614120403325165
cloud_timesteps,mean,1,0.0010838949660272655,0.8613373861585524
cloud_timesteps,mean,1,0.0012939284925152128,0.861248172315171
cloud_timesteps,mean,1,0.0015446616104134332,0.8611415380447536
cloud_timesteps,mean,1,0.0018439809498645623,0.8610140516774594
cloud_timesteps,mean,1,0.0022013013857147146,0.8608615930989831
cloud_timesteps,mean,1,0.002627862175639846,0.8606792106051826
cloud_timesteps,mean,1,0.003137080482923729,0.8604609460403398
cloud_timesteps,mean,1,0.0037449734036925936,0.8601996204941159
cloud_timesteps,mean,1,0.0044706617731700244,0.8598865707405642
cloud_timesteps,mean,1,0.005336971597816022,0.859511323904232
cloud_timesteps,mean,1,0.006371152030966143,0.859061194364204
cloud_timesteps,mean,1,0.0076057324753788695,0.858520782454747
cloud_timesteps,mean,1,0.009079545772236217,0.8578713488623768
cloud_timesteps,mean,1,0.010838949660272662,0.8570900315192225
cloud_timesteps,mean,1,0.012939284925152129,0.8561488630570583
cloud_timesteps,mean,1,0.01544661610413434,0.8550135364495693
cloud_timesteps,mean,1,0.018439809498645623,0.8536418545525427
cloud_timesteps,mean,1,0.022013013857147146,0.8519817866203592
cloud_timesteps,mean,1,0.026278621756398474,0.8499690432539175
cloud_timesteps,mean,1,0.03137080482923729,0.8475240738847905
cloud_timesteps,mean,1,0.03744973403692594,0.8445483934057334
cloud_timesteps,mean,1,0.04470661773170027,0.8409201656869915
cloud_timesteps,mean,1,0.05336971597816022,0.8364890240844407
cloud_timesteps,mean,1,0.0637115203096614,0.8310702088735946
cloud_timesteps,mean,1,0.0760573247537887,0.8244382662544492
cloud_timesteps,mean,1,0.09079545772236218,0.816320795178694
cloud_timesteps,mean,1,0.10838949660272666,0.8063930401304693
cloud_timesteps,mean,1,0.12939284925152128,0.7942744637005823
cloud_timesteps,mean,1,0.15446616104134347,0.7795286804812963
cloud_timesteps,mean,1,0.18439809498645623,0.7616681017225577
cloud_timesteps,mean,1,0.22013013857147148,0.7401640891063168
cloud_timesteps,mean,1,0.26278621756398485,0.7144621943096585
cloud_timesteps,mean,1,0.3137080482923729,0.6840003809322557
cloud_timesteps,mean,1,0.37449734036925936,0.6482268746228365
cloud_timesteps,mean,1,0.44706617731700243,0.6066148407740554
cloud_timesteps,mean,1,0.5336971597816021,0.5586731026438884
cloud_timesteps,mean,1,0.6371152030966143,0.5039453520324906
cloud_timesteps,mean,1,0.760573247537887,0.44858862333214794
cloud_timesteps,mean,2,0.000760573247537887,0.9843410283422027
cloud_timesteps,mean,2,0.0009079545772236219,0.9837937482901481
cloud_timesteps,mean,2,0.0010838949660272655,0.9831173081765463
cloud_timesteps,mean,2,0.0012939284925152128,0.9822806485123792
cloud_timesteps,mean,2,0.0015446616104134332,0.9812371087900816
cloud_timesteps,mean,2,0.0018439809498645623,0.9799335093849795
cloud_timesteps,mean,2,0.0022013013857147146,0.9782922662758669
cloud_timesteps,mean,2,0.002627862175639846,0.9762208000338461
cloud_timesteps,mean,2,0.003137080482923729,0.9736065149452079
cloud_timesteps,mean,2,0.0037449734036925936,0.9703102196200882
cloud_timesteps,mean,2,0.0044706617731700244,0.9661317680924665
cloud_timesteps,mean,2,0.005336971597816022,0.960825979257461
cloud_timesteps,mean,2,0.006371152030966143,0.9541180109364635
cloud_timesteps,mean,2,0.0076057324753788695,0.9456777789944235
cloud_timesteps,mean,2,0.009079545772236217,0.935146446673363
cloud_timesteps,mean,2,0.010838949660272662,0.9221157743042703
cloud_timesteps,mean,2,0.012939284925152129,0.9061493678399749
cloud_timesteps,mean,2,0.01544661610413434,0.8880021959806305
cloud_timesteps,mean,2,0.018439809498645623,0.8808230692979411
cloud_timesteps,mean,2,0.022013013857147146,0.8784295806838243
cloud_timesteps,mean,2,0.026278621756398474,0.8755515751464907
cloud_timesteps,mean,2,0.03137080482923729,0.8720882417094483
cloud_timesteps,mean,2,0.03744973403692594,0.8679174788742632
cloud_timesteps,mean,2,0.04470661773170027,0.8628917288830422
cloud_timesteps,mean,2,0.05336971597816022,0.8568333672297761
cloud_timesteps,mean,2,0.0637115203096614,0.8495298860283507
cloud_timesteps,mean,2,0.0760573247537887,0.8407292906193181
cloud_timesteps,mean,2,0.09079545772236218,0.8301365373198525
cloud_timesteps,mean,2,0.10838949660272666,0.8174120311707119
cloud_timesteps,mean,2,0.12939284925152128,0.8021739269429446
cloud_timesteps,mean,2,0.15446616104134347,0.7840049642894353
cloud_timesteps,mean,2,0.18439809498645623,0.7624675721219473
cloud_timesteps,mean,2,0.22013013857147148,0.7371255587366579
cloud_timesteps,mean,2,0.26278621756398485,0.7075702152564902
cloud_timesteps,mean,2,0.3137080482923729,0.6734521558158498
cloud_timesteps,mean,2,0.37449734036925936,0.6345000948217431
cloud_timesteps,mean,2,0.44706617731700243,0.5905270026521794
cloud_timesteps,mean,2,0.5336971597816021,0.5414052275215336
cloud_timesteps,mean,2,0.6371152030966143,0.48699674358838535
cloud_timesteps,mean,2,0.760573247537887,0.4336240399399502
cloud_timesteps,mean,3,0.000760573247537887,0.9848859688586424
cloud_timesteps,mean,3,0.0009079545772236219,0.9838512109686232
cloud_timesteps,mean,3,0.0010838949660272655,0.9825808807831604
cloud_timesteps,mean,3,0.0012939284925152128,0.9799300479736038
cloud_timesteps,mean,3,0.0015446616104134332,0.9774006542339155
cloud_timesteps,mean,3,0.0018439809498645623,0.9743538318950394
cloud_timesteps,mean,3,0.0022013013857147146,0.9726383288260114
cloud_timesteps,mean,3,0.002627862175639846,0.9714262621782218
cloud_timesteps,mean,3,0.003137080482923729,0.9699413616550518
cloud_timesteps,mean,3,0.0037449734036925936,0.9681149530728058
cloud_timesteps,mean,3,0.0044706617731700244,0.965866479581131
cloud_timesteps,mean,3,0.005336971597816022,0.9630829706611557
cloud_timesteps,mean,3,0.006371152030966143,0.9596360382436806
cloud_timesteps,mean,3,0.0076057324753788695,0.9553559962535638
cloud_timesteps,mean,3,0.009079545772236217,0.9499824758250253
cloud_timesteps,mean,3,0.010838949660272662,0.9431439885730551
cloud_timesteps,mean,3,0.012939284925152129,0.9349413646139262
cloud_timesteps,mean,3,0.01544661610413434,0.92483403884205
cloud_timesteps,mean,3,0.018439809498645623,0.9124574261419145
cloud_timesteps,mean,3,0.022013013857147146,0.8974199769554956
cloud_timesteps,mean,3,0.026278621756398474,0.8801275747458874
cloud_timesteps,mean,3,0.03137080482923729,0.871951496423274
cloud_timesteps,mean,3,0.03744973403692594,0.8677530957597807
cloud_timesteps,mean,3,0.04470661773170027,0.8626960736076918
cloud_timesteps,mean,3,0.05336971597816022,0.8566023978446518
cloud_timesteps,mean,3,0.0637115203096614,0.8492601018716023
cloud_timesteps,mean,3,0.0760573247537887,0.8404173043680203
cloud_timesteps,mean,3,0.09079545772236218,0.8297799938496715
cloud_timesteps,mean,3,0.10838949660272666,0.817010348570648
cloud_timesteps,mean,3,0.12939284925152128,0.801729751485247
cloud_timesteps,mean,3,0.15446616104134347,0.7835240123924606
cloud_timesteps,mean,3,0.18439809498645623,0.7619621808800321
cloud_timesteps,mean,3,0.22013013857147148,0.7366149183451334
cloud_timesteps,mean,3,0.26278621756398485,0.707085848900069
cloud_timesteps,mean,3,0.3137080482923729,0.6730365231921729
cloud_timesteps,mean,3,0.37449734036925936,0.6342097967961842
cloud_timesteps,mean,3,0.44706617731700243,0.5904355041063447
cloud_timesteps,mean,3,0.5336971597816021,0.5414057081978798
cloud_timesteps,mean,3,0.6371152030966143,0.486996749330676
cloud_timesteps,mean,3,0.760573247537887,0.43362403684886675
cloud_timesteps,mean,4,0.000760573247537887,0.9864115021023748
cloud_timesteps,mean,4,0.0009079545772236219,0.9845931626239499
cloud_timesteps,mean,4,0.0010838949660272655,0.9831864428986625
cloud_timesteps,mean,4,0.0012939284925152128,0.9806253177158725
cloud_timesteps,mean,4,0.0015446616104134332,0.9781288851326305
cloud_timesteps,mean,4,0.0018439809498645623,0.9750143253939573
cloud_timesteps,mean,4,0.0022013013857147146,0.9732227370087168
cloud_timesteps,mean,4,0.002627862175639846,0.9718327793674444
cloud_timesteps,mean,4,0.003137080482923729,0.9701687511929851
cloud_timesteps,mean,4,0.0037449734036925936,0.9678177774496474
cloud_timesteps,mean,4,0.0044706617731700244,0.9641348368969217
cloud_timesteps,mean,4,0.005336971597816022,0.959099922862338
cloud_timesteps,mean,4,0.006371152030966143,0.9541772978122424
cloud_timesteps,mean,4,0.0076057324753788695,0.9510093629042966
cloud_timesteps,mean,4,0.009079545772236217,0.9471281507103996
cloud_timesteps,mean,4,0.010838949660272662,0.9423539715305731
cloud_timesteps,mean,4,0.012939284925152129,0.9364914199698584
cloud_timesteps,mean,4,0.01544661610413434,0.9292977189215954
cloud_timesteps,mean,4,0.018439809498645623,0.9204467713825881
cloud_timesteps,mean,4,0.022013013857147146,0.9095206173048241
cloud_timesteps,mean,4,0.026278621756398474,0.8964801834973486
cloud_timesteps,mean,4,0.03137080482923729,0.8808140658295647
cloud_timesteps,mean,4,0.03744973403692594,0.8680340813282692
cloud_timesteps,mean,4,0.04470661773170027,0.8626960377618567
cloud_timesteps,mean,4,0.05336971597816022,0.8566025968849523
cloud_timesteps,mean,4,0.0637115203096614,0.8492600288739396
cloud_timesteps,mean,4,0.0760573247537887,0.8404174303092071
cloud_timesteps,mean,4,0.09079545772236218,0.829780141320059
cloud_timesteps,mean,4,0.10838949660272666,0.8170105391248461
cloud_timesteps,mean,4,0.12939284925152128,0.8017294677266975
cloud_timesteps,mean,4,0.15446616104134347,0.7835239847190019
cloud_timesteps,mean,4,0.18439809498645623,0.7619618328256521
cloud_timesteps,mean,4,0.22013013857147148,0.7366150998465908
cloud_timesteps,mean,4,0.26278621756398485,0.7070862904251068
cloud_timesteps,mean,4,0.3137080482923729,0.6730367879356445
cloud_timesteps,mean,4,0.37449734036925936,0.6342099293176117
cloud_timesteps,mean,4,0.44706617731700243,0.5904353863237526
cloud_timesteps,mean,4,0.5336971597816021,0.5414057017758187
cloud_timesteps,mean,4,0.6371152030966143,0.4869967461354783
cloud_timesteps,mean,4,0.760573247537887,0.4336240360793576
cloud_timesteps,mean,5,0.000760573247537887,0.9881245003528987
cloud_timesteps,mean,5,0.0009079545772236219,0.9865230112433672
cloud_timesteps,mean,5,0.0010838949660272655,0.9843533426856641
cloud_timesteps,mean,5,0.0012939284925152128,0.9818688511800115
cloud_timesteps,mean,5,0.0015446616104134332,0.9792192363061121
cloud_timesteps,mean,5,0.0018439809498645623,0.9758781747831853
cloud_timesteps,mean,5,0.0022013013857147146,0.973585332831559
cloud_timesteps,mean,5,0.002627862175639846,0.9722157401453518
cloud_timesteps,mean,5,0.003137080482923729,0.9705550181243723
cloud_timesteps,mean,5,0.0037449734036925936,0.9681153374589275
cloud_timesteps,mean,5,0.0044706617731700244,0.96441267310754
cloud_timesteps,mean,5,0.005336971597816022,0.9594181169889262
cloud_timesteps,mean,5,0.006371152030966143,0.954371563370912
cloud_timesteps,mean,5,0.0076057324753788695,0.950882613427978
cloud_timesteps,mean,5,0.009079545772236217,0.9455331110550947
cloud_timesteps,mean,5,0.010838949660272662,0.9390583013558291
cloud_timesteps,mean,5,0.012939284925152129,0.9330907356403735
cloud_timesteps,mean,5,0.01544661610413434,0.9272398418437913
cloud_timesteps,mean,5,0.018439809498645623,0.9201046288132708
cloud_timesteps,mean,5,0.022013013857147146,0.9114298587619487
cloud_timesteps,mean,5,0.026278621756398474,0.9008725102423767
cloud_timesteps,mean,5,0.03137080482923729,0.8880642727980925
cloud_timesteps,mean,5,0.03744973403692594,0.8728678508459311
cloud_timesteps,mean,5,0.04470661773170027,0.8627123465007578
cloud_timesteps,mean,5,0.05336971597816022,0.8566072766047391
cloud_timesteps,mean,5,0.0637115203096614,0.8492600494474868
cloud_timesteps,mean,5,0.0760573247537887,0.8404173410915892
cloud_timesteps,mean,5,0.09079545772236218,0.8297801333878413
cloud_timesteps,mean,5,0.10838949660272666,0.8170106390440619
cloud_timesteps,mean,5,0.12939284925152128,0.8017295647701701
cloud_timesteps,mean,5,0.15446616104134347,0.7835235775065323
cloud_timesteps,mean,5,0.18439809498645623,0.7619622181164387
cloud_timesteps,mean,5,0.22013013857147148,0.7366153603608019
cloud_timesteps,mean,5,0.26278621756398485,0.7070858217655609
cloud_timesteps,mean,5,0.3137080482923729,0.6730368769456121
cloud_timesteps,mean,5,0.37449734036925936,0.6342099712743592
cloud_timesteps,mean,5,0.44706617731700243,0.5904354074843584
cloud_timesteps,mean,5,0.5336971597816021,0.5414057050891502
cloud_timesteps,mean,5,0.6371152030966143,0.48699674749508315
cloud_timesteps,mean,5,0.760573247537887,0.4336240374518641
cloud_timesteps,mean,6,0.000760573247537887,0.9881844162938362
cloud_timesteps,mean,6,0.0009079545772236219,0.987084243770405
cloud_timesteps,mean,6,0.0010838949660272655,0.985606816571915
cloud_timesteps,mean,6,0.0012939284925152128,0.9839963577724665
cloud_timesteps,mean,6,0.0015446616104134332,0.9819105444941026
cloud_timesteps,mean,6,0.0018439809498645623,0.9792359161795853
cloud_timesteps,mean,6,0.0022013013857147146,0.9762206003414466
cloud_timesteps,mean,6,0.002627862175639846,0.9730649197696746
cloud_timesteps,mean,6,0.003137080482923729,0.9707252918930077
cloud_timesteps,mean,6,0.0037449734036925936,0.9683542408368059
cloud_timesteps,mean,6,0.0044706617731700244,0.9646467498409113
cloud_timesteps,mean,6,0.005336971597816022,0.9595373746260503
cloud_timesteps,mean,6,0.006371152030966143,0.9544853792230139
cloud_timesteps,mean,6,0.0076057324753788695,0.9510665985575855
cloud_timesteps,mean,6,0.009079545772236217,0.945758105254226
cloud_timesteps,mean,6,0.010838949660272662,0.9391313625280547
cloud_timesteps,mean,6,0.012939284925152129,0.9324391714765282
cloud_timesteps,mean,6,0.01544661610413434,0.9257570951805738
cloud_timesteps,mean,6,0.018439809498645623,0.9176983229119806
cloud_timesteps,mean,6,0.022013013857147146,0.9102416236240127
cloud_timesteps,mean,6,0.026278621756398474,0.901179343165237
cloud_timesteps,mean,6,0.03137080482923729,0.8902623627197583
cloud_timesteps,mean,6,0.03744973403692594,0.8770640495371564
cloud_timesteps,mean,6,0.04470661773170027,0.8635217201025032
cloud_timesteps,mean,6,0.05336971597816022,0.8566252104444085
cloud_timesteps,mean,6,0.0637115203096614,0.8492719358772682
cloud_timesteps,mean,6,0.0760573247537887,0.8404190708406354
cloud_timesteps,mean,6,0.09079545772236218,0.8297800888656223
cloud_timesteps,mean,6,0.10838949660272666,0.8170105100726716
cloud_timesteps,mean,6,0.12939284925152128,0.8017293443506357
cloud_timesteps,mean,6,0.15446616104134347,0.7835237279718678
cloud_timesteps,mean,6,0.18439809498645623,0.7619618031243885
cloud_timesteps,mean,6,0.22013013857147148,0.7366148487166295
cloud_timesteps,mean,6,0.26278621756398485,0.7070858578124583
cloud_timesteps,mean,6,0.3137080482923729,0.6730368925211716
cloud_timesteps,mean,6,0.37449734036925936,0.6342099705717474
cloud_timesteps,mean,6,0.44706617731700243,0.5904354049371108
cloud_timesteps,mean,6,0.5336971597816021,0.5414057108451031
cloud_timesteps,mean,6,0.6371152030966143,0.4869967503515939
cloud_timesteps,mean,6,0.760573247537887,0.4336240360838504
cloud_timesteps,mean,7,0.000760573247537887,0.9880007337381261
cloud_timesteps,mean,7,0.0009079545772236219,0.9869555307488087
cloud_timesteps,mean,7,0.0010838949660272655,0.9858393266411303
cloud_timesteps,mean,7,0.0012939284925152128,0.9845694691224418
cloud_timesteps,mean,7,0.0015446616104134332,0.9829358913425658
cloud_timesteps,mean,7,0.0018439809498645623,0.9808354829583077
cloud_timesteps,mean,7,0.0022013013857147146,0.9781283734304704
cloud_timesteps,mean,7,0.002627862175639846,0.9749398237332233
cloud_timesteps,mean,7,0.003137080482923729,0.9715930332676015
cloud_timesteps,mean,7,0.0037449734036925936,0.9684274805717301
cloud_timesteps,mean,7,0.0044706617731700244,0.9647656601767794
cloud_timesteps,mean,7,0.005336971597816022,0.9596929456832901
cloud_timesteps,mean,7,0.006371152030966143,0.9545428206472673
cloud_timesteps,mean,7,0.0076057324753788695,0.9511297278597193
cloud_timesteps,mean,7,0.009079545772236217,0.9458430849914998
cloud_timesteps,mean,7,0.010838949660272662,0.9392592744322086
cloud_timesteps,mean,7,0.012939284925152129,0.9325838542583597
cloud_timesteps,mean,7,0.01544661610413434,0.9257373222429731
cloud_timesteps,mean,7,0.018439809498645623,0.9169046441079853
cloud_timesteps,mean,7,0.022013013857147146,0.9090225490065972
cloud_timesteps,mean,7,0.026278621756398474,0.9001441421261976
cloud_timesteps,mean,7,0.03137080482923729,0.8903901702902146
cloud_timesteps,mean,7,0.03744973403692594,0.8786511108743115
cloud_timesteps,mean,7,0.04470661773170027,0.864896476646208
cloud_timesteps,mean,7,0.05336971597816022,0.8566314873743078
cloud_timesteps,mean,7,0.0637115203096614,0.8492821038901675
cloud_timesteps,mean,7,0.0760573247537887,0.840429961096025
cloud_timesteps,mean,7,0.09079545772236218,0.8297839281468399
cloud_timesteps,mean,7,0.10838949660272666,0.8170105795042636
cloud_timesteps,mean,7,0.12939284925152128,0.8017294012643246
cloud_timesteps,mean,7,0.15446616104134347,0.7835237635531073
cloud_timesteps,mean,7,0.18439809498645623,0.761961829825603
cloud_timesteps,mean,7,0.22013013857147148,0.736614862024801
cloud_timesteps,mean,7,0.26278621756398485,0.7070858522911314
cloud_timesteps,mean,7,0.3137080482923729,0.6730368922413206
cloud_timesteps,mean,7,0.37449734036925936,0.634209969833204
cloud_timesteps,mean,7,0.44706617731700243,0.5904354042597
cloud_timesteps,mean,7,0.5336971597816021,0.5414057102473804
cloud_timesteps,mean,7,0.6371152030966143,0.4869967498869734
cloud_timesteps,mean,7,0.760573247537887,0.4336240357527033
cloud_timesteps,mean,8,0.000760573247537887,0.9876231099397957
cloud_timesteps,mean,8,0.0009079545772236219,0.9866320314104027
cloud_timesteps,mean,8,0.0010838949660272655,0.9856368487373022
cloud_timesteps,mean,8,0.0012939284925152128,0.9845323716931856
cloud_timesteps,mean,8,0.0015446616104134332,0.9831101807861777
cloud_timesteps,mean,8,0.0018439809498645623,0.9813023409194406
cloud_timesteps,mean,8,0.0022013013857147146,0.9789909552181365
cloud_timesteps,mean,8,0.002627862175639846,0.9759649725046241
cloud_timesteps,mean,8,0.003137080482923729,0.9726611380342423
cloud_timesteps,mean,8,0.0037449734036925936,0.9688075756211896
cloud_timesteps,mean,8,0.0044706617731700244,0.964801464186927
cloud_timesteps,mean,8,0.005336971597816022,0.9597495038619741
cloud_timesteps,mean,8,0.006371152030966143,0.9546404055618091
cloud_timesteps,mean,8,0.0076057324753788695,0.9511496465563406
cloud_timesteps,mean,8,0.009079545772236217,0.9458731407458639
cloud_timesteps,mean,8,0.010838949660272662,0.9393168815578854
cloud_timesteps,mean,8,0.012939284925152129,0.9326683499465643
cloud_timesteps,mean,8,0.01544661610413434,0.9258542538885639
cloud_timesteps,mean,8,0.018439809498645623,0.9169032946761838
cloud_timesteps,mean,8,0.022013013857147146,0.9087588771687095
cloud_timesteps,mean,8,0.026278621756398474,0.8996081949585971
cloud_timesteps,mean,8,0.03137080482923729,0.8897735920394503
cloud_timesteps,mean,8,0.03744973403692594,0.8790358658458979
cloud_timesteps,mean,8,0.04470661773170027,0.86614793016265
cloud_timesteps,mean,8,0.05336971597816022,0.8566328540316344
cloud_timesteps,mean,8,0.0637115203096614,0.8492854607659638
cloud_timesteps,mean,8,0.0760573247537887,0.840435696443242
cloud_timesteps,mean,8,0.09079545772236218,0.8297911044068244
cloud_timesteps,mean,8,0.10838949660272666,0.8170127167357185
cloud_timesteps,mean,8,0.12939284925152128,0.8017294198546849
cloud_timesteps,mean,8,0.15446616104134347,0.783523776370202
cloud_timesteps,mean,8,0.18439809498645623,0.7619618362928419
cloud_timesteps,mean,8,0.22013013857147148,0.7366148641726251
cloud_timesteps,mean,8,0.26278621756398485,0.7070858523851721
cloud_timesteps,mean,8,0.3137080482923729,0.673036892076483
cloud_timesteps,mean,8,0.37449734036925936,0.634209969652365
cloud_timesteps,mean,8,0.44706617731700243,0.5904353998569102
cloud_timesteps,mean,8,0.5336971597816021,0.5414057100902054
cloud_timesteps,mean,8,0.6371152030966143,0.48699674977005064
cloud_timesteps,mean,8,0.760573247537887,0.4336240356842425
cloud_timesteps,p05,1,0.000760573247537887,0.8411137824279498
cloud_timesteps,p05,1,0.0009079545772236219,0.8410670039811473
cloud_timesteps,p05,1,0.0010838949660272655,0.8410110856661749
cloud_timesteps,p05,1,0.0012939284925152128,0.8409442245524482
cloud_timesteps,p05,1,0.0015446616104134332,0.8408642549292223
cloud_timesteps,p05,1,0.0018439809498645623,0.8407685723884264
cloud_timesteps,p05,1,0.0022013013857147146,0.840654040866092
cloud_timesteps,p05,1,0.002627862175639846,0.8405168783897451
cloud_timesteps,p05,1,0.003137080482923729,0.8403525160787843
cloud_timesteps,p05,1,0.0037449734036925936,0.8401554233708779
cloud_timesteps,p05,1,0.0044706617731700244,0.8399188903801541
cloud_timesteps,p05,1,0.005336971597816022,0.8396347555779482
cloud_timesteps,p05,1,0.006371152030966143,0.8392930634284248
cloud_timesteps,p05,1,0.0076057324753788695,0.8388816319683527
cloud_timesteps,p05,1,0.009079545772236217,0.8383855043077334
cloud_timesteps,p05,1,0.010838949660272662,0.8377862503308658
cloud_timesteps,p05,1,0.012939284925152129,0.8370610751875627
cloud_timesteps,p05,1,0.01544661610413434,0.836181679257322
cloud_timesteps,p05,1,0.018439809498645623,0.8351128001477996
cloud_timesteps,p05,1,0.022013013857147146,0.8338103514266498
cloud_timesteps,p05,1,0.026278621756398474,0.832219056516551
cloud_timesteps,p05,1,0.03137080482923729,0.8302694622756281
cloud_timesteps,p05,1,0.03744973403692594,0.8278742102146283
cloud_timesteps,p05,1,0.04470661773170027,0.824923452142146
cloud_timesteps,p05,1,0.05336971597816022,0.8212793331944773
cloud_timesteps,p05,1,0.0637115203096614,0.8167695444070188
cloud_timesteps,p05,1,0.0760573247537887,0.8111800866838007
cloud_timesteps,p05,1,0.09079545772236218,0.8042476015000156
cloud_timesteps,p05,1,0.10838949660272666,0.7956519078891919
cloud_timesteps,p05,1,0.12939284925152128,0.7842557965536995
cloud_timesteps,p05,1,0.15446616104134347,0.7701440738244367
cloud_timesteps,p05,1,0.18439809498645623,0.7530120392885772
cloud_timesteps,p05,1,0.22013013857147148,0.7323214981507208
cloud_timesteps,p05,1,0.26278621756398485,0.7072259569908507
cloud_timesteps,p05,1,0.3137080482923729,0.676968407087347
cloud_timesteps,p05,1,0.37449734036925936,0.641409092931815
cloud_timesteps,p05,1,0.44706617731700243,0.5996006381197503
cloud_timesteps,p05,1,0.5336971597816021,0.5505325181993823
cloud_timesteps,p05,1,0.6371152030966143,0.4947251396832975
cloud_timesteps,p05,1,0.760573247537887,0.43655858618086146
cloud_timesteps,p05,2,0.000760573247537887,0.9761464518571836
cloud_timesteps,p05,2,0.0009079545772236219,0.9755489976692362
cloud_timesteps,p05,2,0.0010838949660272655,0.9748154925051217
cloud_timesteps,p05,2,0.0012939284925152128,0.97391370536204
cloud_timesteps,p05,2,0.0015446616104134332,0.9727932483511161
cloud_timesteps,p05,2,0.0018439809498645623,0.9714107294492637
cloud_timesteps,p05,2,0.0022013013857147146,0.9696880856675466
cloud_timesteps,p05,2,0.002627862175639846,0.9675283100751191
cloud_timesteps,p05,2,0.003137080482923729,0.9648143365707204
cloud_timesteps,p05,2,0.0037449734036925936,0.9614056903147166
cloud_timesteps,p05,2,0.0044706617731700244,0.9571220893119599
cloud_timesteps,p05,2,0.005336971597816022,0.9517149869185638
cloud_timesteps,p05,2,0.006371152030966143,0.9449242401259994
cloud_timesteps,p05,2,0.0076057324753788695,0.9364125011785784
cloud_timesteps,p05,2,0.009079545772236217,0.9258233609425364
cloud_timesteps,p05,2,0.010838949660272662,0.9128257526832163
cloud_timesteps,p05,2,0.012939284925152129,0.896993284604351
cloud_timesteps,p05,2,0.01544661610413434,0.882460158975302
cloud_timesteps,p05,2,0.018439809498645623,0.8733566977919606
cloud_timesteps,p05,2,0.022013013857147146,0.8709679187947632
cloud_timesteps,p05,2,0.026278621756398474,0.8680982157562427
cloud_timesteps,p05,2,0.03137080482923729,0.864648420520863
cloud_timesteps,p05,2,0.03744973403692594,0.860498672862364
cloud_timesteps,p05,2,0.04470661773170027,0.8555044163183021
cloud_timesteps,p05,2,0.05336971597816022,0.8494919597816702
cloud_timesteps,p05,2,0.0637115203096614,0.842207966478594
cloud_timesteps,p05,2,0.0760573247537887,0.8333349033675769
cloud_timesteps,p05,2,0.09079545772236218,0.8226748252401642
cloud_timesteps,p05,2,0.10838949660272666,0.8098922666203817
cloud_timesteps,p05,2,0.12939284925152128,0.7946090950251877
cloud_timesteps,p05,2,0.15446616104134347,0.7764106828082206
cloud_timesteps,p05,2,0.18439809498645623,0.7548581948216015
cloud_timesteps,p05,2,0.22013013857147148,0.7295075049294898
cloud_timesteps,p05,2,0.26278621756398485,0.6999334379553103
cloud_timesteps,p05,2,0.3137080482923729,0.6657552844029386
cloud_timesteps,p05,2,0.37449734036925936,0.626656534127316
cloud_timesteps,p05,2,0.44706617731700243,0.582133850972051
cloud_timesteps,p05,2,0.5336971597816021,0.5318343333495579
cloud_timesteps,p05,2,0.6371152030966143,0.4761134686759046
cloud_timesteps,p05,2,0.760573247537887,0.4195367044787624
cloud_timesteps,p05,3,0.000760573247537887,0.9762693365520325
cloud_timesteps,p05,3,0.0009079545772236219,0.973917665050986
cloud_timesteps,p05,3,0.0010838949660272655,0.972158355267713
cloud_timesteps,p05,3,0.0012939284925152128,0.9699303764721188
cloud_timesteps,p05,3,0.0015446616104134332,0.9678192506108576
cloud_timesteps,p05,3,0.0018439809498645623,0.9662486951836126
cloud_timesteps,p05,3,0.0022013013857147146,0.9651680591623495
cloud_timesteps,p05,3,0.002627862175639846,0.9639340425892696
cloud_timesteps,p05,3,0.003137080482923729,0.962429261748739
cloud_timesteps,p05,3,0.0037449734036925936,0.9605548780582683
cloud_timesteps,p05,3,0.0044706617731700244,0.95823685592939
cloud_timesteps,p05,3,0.005336971597816022,0.9553871920343259
cloud_timesteps,p05,3,0.006371152030966143,0.9518768831942015
cloud_timesteps,p05,3,0.0076057324753788695,0.9475345489691216
cloud_timesteps,p05,3,0.009079545772236217,0.9419356835996006
cloud_timesteps,p05,3,0.010838949660272662,0.9352399861839146
cloud_timesteps,p05,3,0.012939284925152129,0.927051376872852
cloud_timesteps,p05,3,0.01544661610413434,0.9169982493945352
cloud_timesteps,p05,3,0.018439809498645623,0.9047529179614004
cloud_timesteps,p05,3,0.022013013857147146,0.8899277273992693
cloud_timesteps,p05,3,0.026278621756398474,0.8752127229670045
cloud_timesteps,p05,3,0.03137080482923729,0.8646484551075114
cloud_timesteps,p05,3,0.03744973403692594,0.8604986933049925
cloud_timesteps,p05,3,0.04470661773170027,0.8555044031813515
cloud_timesteps,p05,3,0.05336971597816022,0.849491936438254
cloud_timesteps,p05,3,0.0637115203096614,0.8422080320194804
cloud_timesteps,p05,3,0.0760573247537887,0.8333349175312577
cloud_timesteps,p05,3,0.09079545772236218,0.8226750582883032
cloud_timesteps,p05,3,0.10838949660272666,0.8098922824854078
cloud_timesteps,p05,3,0.12939284925152128,0.7946098509835892
cloud_timesteps,p05,3,0.15446616104134347,0.7764115976795701
cloud_timesteps,p05,3,0.18439809498645623,0.7548587394940862
cloud_timesteps,p05,3,0.22013013857147148,0.7295082913774159
cloud_timesteps,p05,3,0.26278621756398485,0.6999350378029479
cloud_timesteps,p05,3,0.3137080482923729,0.6657556483352023
cloud_timesteps,p05,3,0.37449734036925936,0.6266562090622584
cloud_timesteps,p05,3,0.44706617731700243,0.5821344512321711
cloud_timesteps,p05,3,0.5336971597816021,0.5318355078986243
cloud_timesteps,p05,3,0.6371152030966143,0.4761134735741047
cloud_timesteps,p05,3,0.760573247537887,0.4195367036969148
cloud_timesteps,p05,4,0.000760573247537887,0.9774220134265549
cloud_timesteps,p05,4,0.0009079545772236219,0.9753457477239827
cloud_timesteps,p05,4,0.0010838949660272655,0.9735764194334761
cloud_timesteps,p05,4,0.0012939284925152128,0.9711281332872589
cloud_timesteps,p05,4,0.0015446616104134332,0.9688310089861242
cloud_timesteps,p05,4,0.0018439809498645623,0.9670740530197615
cloud_timesteps,p05,4,0.0022013013857147146,0.9655525961603948
cloud_timesteps,p05,4,0.002627862175639846,0.9639121578457553
cloud_timesteps,p05,4,0.003137080482923729,0.9622795016443292
cloud_timesteps,p05,4,0.0037449734036925936,0.9590979463094478
cloud_timesteps,p05,4,0.0044706617731700244,0.9534660399805015
cloud_timesteps,p05,4,0.005336971597816022,0.9503997378057832
cloud_timesteps,p05,4,0.006371152030966143,0.9473100177476714
cloud_timesteps,p05,4,0.0076057324753788695,0.9441247817927096
cloud_timesteps,p05,4,0.009079545772236217,0.9402332699768272
cloud_timesteps,p05,4,0.010838949660272662,0.9354579018564512
cloud_timesteps,p05,4,0.012939284925152129,0.9296155758662584
cloud_timesteps,p05,4,0.01544661610413434,0.9224760418115002
cloud_timesteps,p05,4,0.018439809498645623,0.9135895218586098
cloud_timesteps,p05,4,0.022013013857147146,0.902935029534796
cloud_timesteps,p05,4,0.026278621756398474,0.8901155314273347
cloud_timesteps,p05,4,0.03137080482923729,0.8747569375685716
cloud_timesteps,p05,4,0.03744973403692594,0.8616223469699242
cloud_timesteps,p05,4,0.04470661773170027,0.8555042464449388
cloud_timesteps,p05,4,0.05336971597816022,0.8494919309114244
cloud_timesteps,p05,4,0.0637115203096614,0.8422079546775331
cloud_timesteps,p05,4,0.0760573247537887,0.833334971270597
cloud_timesteps,p05,4,0.09079545772236218,0.8226747791742987
cloud_timesteps,p05,4,0.10838949660272666,0.8098926779874245
cloud_timesteps,p05,4,0.12939284925152128,0.7946093093775776
cloud_timesteps,p05,4,0.15446616104134347,0.7764111618515539
cloud_timesteps,p05,4,0.18439809498645623,0.7548584502284256
cloud_timesteps,p05,4,0.22013013857147148,0.7295081659425711
cloud_timesteps,p05,4,0.26278621756398485,0.6999350074694406
cloud_timesteps,p05,4,0.3137080482923729,0.665755642228733
cloud_timesteps,p05,4,0.37449734036925936,0.6266562193669466
cloud_timesteps,p05,4,0.44706617731700243,0.5821344427190097
cloud_timesteps,p05,4,0.5336971597816021,0.531835508370248
cloud_timesteps,p05,4,0.6371152030966143,0.47611347210926075
cloud_timesteps,p05,4,0.760573247537887,0.4195367088221345
cloud_timesteps,p05,5,0.000760573247537887,0.9786518155733027
cloud_timesteps,p05,5,0.0009079545772236219,0.9766642369223645
cloud_timesteps,p05,5,0.0010838949660272655,0.9740691630823366
cloud_timesteps,p05,5,0.0012939284925152128,0.971611861773583
cloud_timesteps,p05,5,0.0015446616104134332,0.969375560371685
cloud_timesteps,p05,5,0.0018439809498645623,0.9677716752911681
cloud_timesteps,p05,5,0.0022013013857147146,0.9665140805380185
cloud_timesteps,p05,5,0.002627862175639846,0.9647799934752205
cloud_timesteps,p05,5,0.003137080482923729,0.9628908294524462
cloud_timesteps,p05,5,0.0037449734036925936,0.9593428281690024
cloud_timesteps,p05,5,0.0044706617731700244,0.9536208921090384
cloud_timesteps,p05,5,0.005336971597816022,0.950710940471567
cloud_timesteps,p05,5,0.006371152030966143,0.9471684448041384
cloud_timesteps,p05,5,0.0076057324753788695,0.9432956298476534
cloud_timesteps,p05,5,0.009079545772236217,0.9368344062386036
cloud_timesteps,p05,5,0.010838949660272662,0.9321267940136856
cloud_timesteps,p05,5,0.012939284925152129,0.9269735056207861
cloud_timesteps,p05,5,0.01544661610413434,0.9211892756882158
cloud_timesteps,p05,5,0.018439809498645623,0.9141506254365336
cloud_timesteps,p05,5,0.022013013857147146,0.9056093002661194
cloud_timesteps,p05,5,0.026278621756398474,0.8951511337267078
cloud_timesteps,p05,5,0.03137080482923729,0.8826807593791568
cloud_timesteps,p05,5,0.03744973403692594,0.8678128809649417
cloud_timesteps,p05,5,0.04470661773170027,0.8555107870601032
cloud_timesteps,p05,5,0.05336971597816022,0.8494919818815269
cloud_timesteps,p05,5,0.0637115203096614,0.8422079819927434
cloud_timesteps,p05,5,0.0760573247537887,0.8333349265221872
cloud_timesteps,p05,5,0.09079545772236218,0.8226751743031067
cloud_timesteps,p05,5,0.10838949660272666,0.8098925362755724
cloud_timesteps,p05,5,0.12939284925152128,0.7946094371087887
cloud_timesteps,p05,5,0.15446616104134347,0.7764110904083322
cloud_timesteps,p05,5,0.18439809498645623,0.7548584155254617
cloud_timesteps,p05,5,0.22013013857147148,0.7295081406426998
cloud_timesteps,p05,5,0.26278621756398485,0.6999350075643188
cloud_timesteps,p05,5,0.3137080482923729,0.6657556421004661
cloud_timesteps,p05,5,0.37449734036925936,0.6266562182943997
cloud_timesteps,p05,5,0.44706617731700243,0.5821344494109233
cloud_timesteps,p05,5,0.5336971597816021,0.5318355126226358
cloud_timesteps,p05,5,0.6371152030966143,0.476113474540486
cloud_timesteps,p05,5,0.760573247537887,0.41953670161496265
cloud_timesteps,p05,6,0.000760573247537887,0.9792914004314835
cloud_timesteps,p05,6,0.0009079545772236219,0.978067199567677
cloud_timesteps,p05,6,0.0010838949660272655,0.9763233877533057
cloud_timesteps,p05,6,0.0012939284925152128,0.974406576048384
cloud_timesteps,p05,6,0.0015446616104134332,0.9719891568980847
cloud_timesteps,p05,6,0.0018439809498645623,0.9689832445502202
cloud_timesteps,p05,6,0.0022013013857147146,0.9668712760006625
cloud_timesteps,p05,6,0.002627862175639846,0.9652713243933969
cloud_timesteps,p05,6,0.003137080482923729,0.9633701164244284
cloud_timesteps,p05,6,0.0037449734036925936,0.9600083978562308
cloud_timesteps,p05,6,0.0044706617731700244,0.9540523532614908
cloud_timesteps,p05,6,0.005336971597816022,0.9507848318508868
cloud_timesteps,p05,6,0.006371152030966143,0.9471726966401887
cloud_timesteps,p05,6,0.0076057324753788695,0.9433356486459795
cloud_timesteps,p05,6,0.009079545772236217,0.9368424628969423
cloud_timesteps,p05,6,0.010838949660272662,0.9319974540053974
cloud_timesteps,p05,6,0.012939284925152129,0.9249763910389706
cloud_timesteps,p05,6,0.01544661610413434,0.9191064436276974
cloud_timesteps,p05,6,0.018439809498645623,0.9123351483701311
cloud_timesteps,p05,6,0.022013013857147146,0.9049966407977902
cloud_timesteps,p05,6,0.026278621756398474,0.8961084064949962
cloud_timesteps,p05,6,0.03137080482923729,0.8854252005136519
cloud_timesteps,p05,6,0.03744973403692594,0.8725092252293666
cloud_timesteps,p05,6,0.04470661773170027,0.8587104005373752
cloud_timesteps,p05,6,0.05336971597816022,0.8495062589820489
cloud_timesteps,p05,6,0.0637115203096614,0.8422080297246739
cloud_timesteps,p05,6,0.0760573247537887,0.8333350718296988
cloud_timesteps,p05,6,0.09079545772236218,0.8226751128278534
cloud_timesteps,p05,6,0.10838949660272666,0.8098924935762891
cloud_timesteps,p05,6,0.12939284925152128,0.7946094036774891
cloud_timesteps,p05,6,0.15446616104134347,0.7764110796805693
cloud_timesteps,p05,6,0.18439809498645623,0.754858409219388
cloud_timesteps,p05,6,0.22013013857147148,0.7295081375660833
cloud_timesteps,p05,6,0.26278621756398485,0.6999350099098963
cloud_timesteps,p05,6,0.3137080482923729,0.6657556439149377
cloud_timesteps,p05,6,0.37449734036925936,0.6266562195472278
cloud_timesteps,p05,6,0.44706617731700243,0.5821344517044865
cloud_timesteps,p05,6,0.5336971597816021,0.5318355140030693
cloud_timesteps,p05,6,0.6371152030966143,0.476113475252192
cloud_timesteps,p05,6,0.760573247537887,0.41953670188929315
cloud_timesteps,p05,7,0.000760573247537887,0.9792761198678936
cloud_timesteps,p05,7,0.0009079545772236219,0.9781491355438265
cloud_timesteps,p05,7,0.0010838949660272655,0.9768302031842983
cloud_timesteps,p05,7,0.0012939284925152128,0.9753243406343091
cloud_timesteps,p05,7,0.0015446616104134332,0.9734320207510626
cloud_timesteps,p05,7,0.0018439809498645623,0.9710350930504729
cloud_timesteps,p05,7,0.0022013013857147146,0.9680070507450304
cloud_timesteps,p05,7,0.002627862175639846,0.9653809513366556
cloud_timesteps,p05,7,0.003137080482923729,0.963697341914706
cloud_timesteps,p05,7,0.0037449734036925936,0.9602410459547652
cloud_timesteps,p05,7,0.0044706617731700244,0.954375898385272
cloud_timesteps,p05,7,0.005336971597816022,0.9511883564444871
cloud_timesteps,p05,7,0.006371152030966143,0.9472273774692056
cloud_timesteps,p05,7,0.0076057324753788695,0.9433430079612498
cloud_timesteps,p05,7,0.009079545772236217,0.936837705998586
cloud_timesteps,p05,7,0.010838949660272662,0.9319937956260739
cloud_timesteps,p05,7,0.012939284925152129,0.9249837405239881
cloud_timesteps,p05,7,0.01544661610413434,0.9190144536888014
cloud_timesteps,p05,7,0.018439809498645623,0.9106612818686571
cloud_timesteps,p05,7,0.022013013857147146,0.9038284298323878
cloud_timesteps,p05,7,0.026278621756398474,0.8955131807671298
cloud_timesteps,p05,7,0.03137080482923729,0.885967575122181
cloud_timesteps,p05,7,0.03744973403692594,0.8744572025456693
cloud_timesteps,p05,7,0.04470661773170027,0.8607662133882918
cloud_timesteps,p05,7,0.05336971597816022,0.8495149821739368
cloud_timesteps,p05,7,0.0637115203096614,0.8422201142853118
cloud_timesteps,p05,7,0.0760573247537887,0.8333350364930201
cloud_timesteps,p05,7,0.09079545772236218,0.8226750676748643
cloud_timesteps,p05,7,0.10838949660272666,0.8098924703370947
cloud_timesteps,p05,7,0.12939284925152128,0.7946093960716926
cloud_timesteps,p05,7,0.15446616104134347,0.7764110724648081
cloud_timesteps,p05,7,0.18439809498645623,0.7548584107010051
cloud_timesteps,p05,7,0.22013013857147148,0.7295081390203402
cloud_timesteps,p05,7,0.26278621756398485,0.6999349898542613
cloud_timesteps,p05,7,0.3137080482923729,0.6657556447136235
cloud_timesteps,p05,7,0.37449734036925936,0.6266562200679239
cloud_timesteps,p05,7,0.44706617731700243,0.5821344526494907
cloud_timesteps,p05,7,0.5336971597816021,0.5318355145220891
cloud_timesteps,p05,7,0.6371152030966143,0.47611347548475974
cloud_timesteps,p05,7,0.760573247537887,0.4195367019595622
cloud_timesteps,p05,8,0.000760573247537887,0.9789716225736786
cloud_timesteps,p05,8,0.0009079545772236219,0.9779791367471876
cloud_timesteps,p05,8,0.0010838949660272655,0.9767806515929872
cloud_timesteps,p05,8,0.0012939284925152128,0.975479989646746
cloud_timesteps,p05,8,0.0015446616104134332,0.973841157611359
cloud_timesteps,p05,8,0.0018439809498645623,0.9717833607671431
cloud_timesteps,p05,8,0.0022013013857147146,0.9691899556461303
cloud_timesteps,p05,8,0.002627862175639846,0.9656709339327086
cloud_timesteps,p05,8,0.003137080482923729,0.9637441701723543
cloud_timesteps,p05,8,0.0037449734036925936,0.9603208853674547
cloud_timesteps,p05,8,0.0044706617731700244,0.9545013550320617
cloud_timesteps,p05,8,0.005336971597816022,0.9513853540616125
cloud_timesteps,p05,8,0.006371152030966143,0.9475219940409364
cloud_timesteps,p05,8,0.0076057324753788695,0.9433477392218738
cloud_timesteps,p05,8,0.009079545772236217,0.9368308399428735
cloud_timesteps,p05,8,0.010838949660272662,0.9319968068502719
cloud_timesteps,p05,8,0.012939284925152129,0.9249794732449547
cloud_timesteps,p05,8,0.01544661610413434,0.9190077509443731
cloud_timesteps,p05,8,0.018439809498645623,0.9106610152402037
cloud_timesteps,p05,8,0.022013013857147146,0.9030657567099091
cloud_timesteps,p05,8,0.026278621756398474,0.8947683322953977
cloud_timesteps,p05,8,0.03137080482923729,0.8853122493778679
cloud_timesteps,p05,8,0.03744973403692594,0.8745789491582944
cloud_timesteps,p05,8,0.04470661773170027,0.8617596719123629
cloud_timesteps,p05,8,0.05336971597816022,0.8495165778779156
cloud_timesteps,p05,8,0.0637115203096614,0.8422252821897128
cloud_timesteps,p05,8,0.0760573247537887,0.8333406371891813
cloud_timesteps,p05,8,0.09079545772236218,0.8226750544273916
cloud_timesteps,p05,8,0.10838949660272666,0.8098924428707771
cloud_timesteps,p05,8,0.12939284925152128,0.7946093939891345
cloud_timesteps,p05,8,0.15446616104134347,0.7764110732374315
cloud_timesteps,p05,8,0.18439809498645623,0.7548584117209985
cloud_timesteps,p05,8,0.22013013857147148,0.7295081398362807
cloud_timesteps,p05,8,0.26278621756398485,0.6999349904618152
cloud_timesteps,p05,8,0.3137080482923729,0.665755645123906
cloud_timesteps,p05,8,0.37449734036925936,0.6266562203187938
cloud_timesteps,p05,8,0.44706617731700243,0.5821344361757463
cloud_timesteps,p05,8,0.5336971597816021,0.5318355147337944
cloud_timesteps,p05,8,0.6371152030966143,0.476113475561494
cloud_timesteps,p05,8,0.760573247537887,0.4195367019748729
cloud_timesteps,p95,1,0.000760573247537887,0.8742090309844165
cloud_timesteps,p95,1,0.0009079545772236219,0.8741404784091195
cloud_timesteps,p95,1,0.0010838949660272655,0.8740585751916591
cloud_timesteps,p95,1,0.0012939284925152128,0.8739607060910795
cloud_timesteps,p95,1,0.0015446616104134332,0.873843737231709
cloud_timesteps,p95,1,0.0018439809498645623,0.873703910648457
cloud_timesteps,p95,1,0.0022013013857147146,0.8735367163515106
cloud_timesteps,p95,1,0.002627862175639846,0.8733367367264576
cloud_timesteps,p95,1,0.003137080482923729,0.8730974567582995
cloud_timesteps,p95,1,0.0037449734036925936,0.8728110318654065
cloud_timesteps,p95,1,0.0044706617731700244,0.8724680029427384
cloud_timesteps,p95,1,0.005336971597816022,0.8720569454050793
cloud_timesteps,p95,1,0.006371152030966143,0.8715640354220525
cloud_timesteps,p95,1,0.0076057324753788695,0.8709725119486597
cloud_timesteps,p95,1,0.009079545772236217,0.8702620073586467
cloud_timesteps,p95,1,0.010838949660272662,0.8694077122678269
cloud_timesteps,p95,1,0.012939284925152129,0.8683793313325306
cloud_timesteps,p95,1,0.01544661610413434,0.8671397764239007
cloud_timesteps,p95,1,0.018439809498645623,0.8656435319437178
cloud_timesteps,p95,1,0.022013013857147146,0.8638346151144862
cloud_timesteps,p95,1,0.026278621756398474,0.8616440438639333
cloud_timesteps,p95,1,0.03137080482923729,0.8589867201563232
cloud_timesteps,p95,1,0.03744973403692594,0.8557657738556131
cloud_timesteps,p95,1,0.04470661773170027,0.8519067603226629
cloud_timesteps,p95,1,0.05336971597816022,0.8471998844705911
cloud_timesteps,p95,1,0.0637115203096614,0.841452498091857
cloud_timesteps,p95,1,0.0760573247537887,0.8344305819948873
cloud_timesteps,p95,1,0.09079545772236218,0.8258529532311374
cloud_timesteps,p95,1,0.10838949660272666,0.8153867213346884
cloud_timesteps,p95,1,0.12939284925152128,0.8026453135686872
cloud_timesteps,p95,1,0.15446616104134347,0.7871906645398786
cloud_timesteps,p95,1,0.18439809498645623,0.7687201033728837
cloud_timesteps,p95,1,0.22013013857147148,0.7469500861749151
cloud_timesteps,p95,1,0.26278621756398485,0.7210757330681501
cloud_timesteps,p95,1,0.3137080482923729,0.6906133611219546
cloud_timesteps,p95,1,0.37449734036925936,0.6551243331660387
cloud_timesteps,p95,1,0.44706617731700243,0.614517144521885
cloud_timesteps,p95,1,0.5336971597816021,0.5680348778911259
cloud_timesteps,p95,1,0.6371152030966143,0.5153538581797593
cloud_timesteps,p95,1,0.760573247537887,0.45992508417873607
cloud_timesteps,p95,2,0.000760573247537887,0.9889126947509345
cloud_timesteps,p95,2,0.0009079545772236219,0.9883685781609209
cloud_timesteps,p95,2,0.0010838949660272655,0.9876932518471685
cloud_timesteps,p95,2,0.0012939284925152128,0.986853352644692
cloud_timesteps,p95,2,0.0015446616104134332,0.9858025240275956
cloud_timesteps,p95,2,0.0018439809498645623,0.9844813029235965
cloud_timesteps,p95,2,0.0022013013857147146,0.9828069572478543
cloud_timesteps,p95,2,0.002627862175639846,0.9806886520817252
cloud_timesteps,p95,2,0.003137080482923729,0.9780247108752926
cloud_timesteps,p95,2,0.0037449734036925936,0.9747048822446042
cloud_timesteps,p95,2,0.0044706617731700244,0.970496108228149
cloud_timesteps,p95,2,0.005336971597816022,0.9651573611319455
cloud_timesteps,p95,2,0.006371152030966143,0.9585084340184762
cloud_timesteps,p95,2,0.0076057324753788695,0.9500932729682342
cloud_timesteps,p95,2,0.009079545772236217,0.9396096989008386
cloud_timesteps,p95,2,0.010838949660272662,0.9265734063239282
cloud_timesteps,p95,2,0.012939284925152129,0.9105611566891405
cloud_timesteps,p95,2,0.01544661610413434,0.8911945737929456
cloud_timesteps,p95,2,0.018439809498645623,0.886061057479681
cloud_timesteps,p95,2,0.022013013857147146,0.8836717398729296
cloud_timesteps,p95,2,0.026278621756398474,0.8807960812182672
cloud_timesteps,p95,2,0.03137080482923729,0.8773319654510107
cloud_timesteps,p95,2,0.03744973403692594,0.8731554351239513
cloud_timesteps,p95,2,0.04470661773170027,0.8681163566760629
cloud_timesteps,p95,2,0.05336971597816022,0.8620336173993813
cloud_timesteps,p95,2,0.0637115203096614,0.8546901087063525
cloud_timesteps,p95,2,0.0760573247537887,0.8458279477800935
cloud_timesteps,p95,2,0.09079545772236218,0.8351448224790919
cloud_timesteps,p95,2,0.10838949660272666,0.8222925667603429
cloud_timesteps,p95,2,0.12939284925152128,0.8068796600245771
cloud_timesteps,p95,2,0.15446616104134347,0.7885630054202692
cloud_timesteps,p95,2,0.18439809498645623,0.7669489128633687
cloud_timesteps,p95,2,0.22013013857147148,0.7424511852714442
cloud_timesteps,p95,2,0.26278621756398485,0.7138868717753712
cloud_timesteps,p95,2,0.3137080482923729,0.6809322038075497
cloud_timesteps,p95,2,0.37449734036925936,0.6433634398258173
cloud_timesteps,p95,2,0.44706617731700243,0.6011174468427061
cloud_timesteps,p95,2,0.5336971597816021,0.5540590842083738
cloud_timesteps,p95,2,0.6371152030966143,0.5022835148136443
cloud_timesteps,p95,2,0.760573247537887,0.44898155413630003
cloud_timesteps,p95,3,0.000760573247537887,0.9889604557159888
cloud_timesteps,p95,3,0.0009079545772236219,0.9883896308884054
cloud_timesteps,p95,3,0.0010838949660272655,0.9874722301522642
cloud_timesteps,p95,3,0.0012939284925152128,0.9849393125533049
cloud_timesteps,p95,3,0.0015446616104134332,0.9820693824228764
cloud_timesteps,p95,3,0.0018439809498645623,0.9787963037280194
cloud_timesteps,p95,3,0.0022013013857147146,0.9767613185461238
cloud_timesteps,p95,3,0.002627862175639846,0.9755369674994832
cloud_timesteps,p95,3,0.003137080482923729,0.9740384886129193
cloud_timesteps,p95,3,0.0037449734036925936,0.9721873495230681
cloud_timesteps,p95,3,0.0044706617731700244,0.9699118846002605
cloud_timesteps,p95,3,0.005336971597816022,0.9670946311663507
cloud_timesteps,p95,3,0.006371152030966143,0.9636021601768752
cloud_timesteps,p95,3,0.0076057324753788695,0.9592653307390648
cloud_timesteps,p95,3,0.009079545772236217,0.9538829747513543
cloud_timesteps,p95,3,0.010838949660272662,0.9469208944159638
cloud_timesteps,p95,3,0.012939284925152129,0.938619126671052
cloud_timesteps,p95,3,0.01544661610413434,0.9284525701194095
cloud_timesteps,p95,3,0.018439809498645623,0.9159957772078504
cloud_timesteps,p95,3,0.022013013857147146,0.9009065189157542
cloud_timesteps,p95,3,0.026278621756398474,0.882797993591288
cloud_timesteps,p95,3,0.03137080482923729,0.8771952180521815
cloud_timesteps,p95,3,0.03744973403692594,0.8729909912934668
cloud_timesteps,p95,3,0.04470661773170027,0.8679206653318879
cloud_timesteps,p95,3,0.05336971597816022,0.8618026731338344
cloud_timesteps,p95,3,0.0637115203096614,0.8544202298988848
cloud_timesteps,p95,3,0.0760573247537887,0.8455160477841679
cloud_timesteps,p95,3,0.09079545772236218,0.8347881512553074
cloud_timesteps,p95,3,0.10838949660272666,0.8220286548724989
cloud_timesteps,p95,3,0.12939284925152128,0.8067757379385222
cloud_timesteps,p95,3,0.15446616104134347,0.7885634360204479
cloud_timesteps,p95,3,0.18439809498645623,0.766949314817859
cloud_timesteps,p95,3,0.22013013857147148,0.7424506382039666
cloud_timesteps,p95,3,0.26278621756398485,0.7138871252614447
cloud_timesteps,p95,3,0.3137080482923729,0.6809323691075431
cloud_timesteps,p95,3,0.37449734036925936,0.6433585629813448
cloud_timesteps,p95,3,0.44706617731700243,0.6010579658811396
cloud_timesteps,p95,3,0.5336971597816021,0.5540590900491954
cloud_timesteps,p95,3,0.6371152030966143,0.5022835229676907
cloud_timesteps,p95,3,0.760573247537887,0.44898155049525534
cloud_timesteps,p95,4,0.000760573247537887,0.9904880299770442
cloud_timesteps,p95,4,0.0009079545772236219,0.9885737155630441
cloud_timesteps,p95,4,0.0010838949660272655,0.9875512458785732
cloud_timesteps,p95,4,0.0012939284925152128,0.9849459426889381
cloud_timesteps,p95,4,0.0015446616104134332,0.9821616520072554
cloud_timesteps,p95,4,0.0018439809498645623,0.9788047082719722
cloud_timesteps,p95,4,0.0022013013857147146,0.9767682137274771
cloud_timesteps,p95,4,0.002627862175639846,0.9755419362854728
cloud_timesteps,p95,4,0.003137080482923729,0.9740385921301238
cloud_timesteps,p95,4,0.0037449734036925936,0.9719609825619067
cloud_timesteps,p95,4,0.0044706617731700244,0.9690777132201447
cloud_timesteps,p95,4,0.005336971597816022,0.9643012231125825
cloud_timesteps,p95,4,0.006371152030966143,0.9578420904523351
cloud_timesteps,p95,4,0.0076057324753788695,0.9546209632154022
cloud_timesteps,p95,4,0.009079545772236217,0.9506816801233622
cloud_timesteps,p95,4,0.010838949660272662,0.9458338536405295
cloud_timesteps,p95,4,0.012939284925152129,0.9399067377781826
cloud_timesteps,p95,4,0.01544661610413434,0.9326510702636759
cloud_timesteps,p95,4,0.018439809498645623,0.9238921409023105
cloud_timesteps,p95,4,0.022013013857147146,0.9130593544842961
cloud_timesteps,p95,4,0.026278621756398474,0.9001138498953385
cloud_timesteps,p95,4,0.03137080482923729,0.8844956233613598
cloud_timesteps,p95,4,0.03744973403692594,0.8729909487781269
cloud_timesteps,p95,4,0.04470661773170027,0.8679207137564305
cloud_timesteps,p95,4,0.05336971597816022,0.8618027976990382
cloud_timesteps,p95,4,0.0637115203096614,0.8544202556978999
cloud_timesteps,p95,4,0.0760573247537887,0.845516125677664
cloud_timesteps,p95,4,0.09079545772236218,0.8347883544948885
cloud_timesteps,p95,4,0.10838949660272666,0.8220287051282081
cloud_timesteps,p95,4,0.12939284925152128,0.8067757023584404
cloud_timesteps,p95,4,0.15446616104134347,0.7885634187469409
cloud_timesteps,p95,4,0.18439809498645623,0.7669493111972548
cloud_timesteps,p95,4,0.22013013857147148,0.7424506394543157
cloud_timesteps,p95,4,0.26278621756398485,0.7138871286309895
cloud_timesteps,p95,4,0.3137080482923729,0.680932375691187
cloud_timesteps,p95,4,0.37449734036925936,0.6433585617505774
cloud_timesteps,p95,4,0.44706617731700243,0.6010579674958508
cloud_timesteps,p95,4,0.5336971597816021,0.554059078309507
cloud_timesteps,p95,4,0.6371152030966143,0.5022835143488567
cloud_timesteps,p95,4,0.760573247537887,0.4489815448187427
cloud_timesteps,p95,5,0.000760573247537887,0.9925699717443548
cloud_timesteps,p95,5,0.0009079545772236219,0.9910876814626394
cloud_timesteps,p95,5,0.0010838949660272655,0.9887739890640054
cloud_timesteps,p95,5,0.0012939284925152128,0.9865571520295873
cloud_timesteps,p95,5,0.0015446616104134332,0.9838190431384596
cloud_timesteps,p95,5,0.0018439809498645623,0.9801552656592439
cloud_timesteps,p95,5,0.0022013013857147146,0.9767853214340652
cloud_timesteps,p95,5,0.002627862175639846,0.9755443927924858
cloud_timesteps,p95,5,0.003137080482923729,0.9740472149614767
cloud_timesteps,p95,5,0.0037449734036925936,0.9719733757061747
cloud_timesteps,p95,5,0.0044706617731700244,0.9690752310099195
cloud_timesteps,p95,5,0.005336971597816022,0.9643607935234314
cloud_timesteps,p95,5,0.006371152030966143,0.9579138938429111
cloud_timesteps,p95,5,0.0076057324753788695,0.9546265423491459
cloud_timesteps,p95,5,0.009079545772236217,0.9503825447066666
cloud_timesteps,p95,5,0.010838949660272662,0.9436514087887409
cloud_timesteps,p95,5,0.012939284925152129,0.9365287469008741
cloud_timesteps,p95,5,0.01544661610413434,0.9308241580639802
cloud_timesteps,p95,5,0.018439809498645623,0.9238331664451012
cloud_timesteps,p95,5,0.022013013857147146,0.9152908761617733
cloud_timesteps,p95,5,0.026278621756398474,0.9048820599789524
cloud_timesteps,p95,5,0.03137080482923729,0.8921298662483915
cloud_timesteps,p95,5,0.03744973403692594,0.8769693057827876
cloud_timesteps,p95,5,0.04470661773170027,0.8679795230066766
cloud_timesteps,p95,5,0.05336971597816022,0.8618217414316857
cloud_timesteps,p95,5,0.0637115203096614,0.8544202734751657
cloud_timesteps,p95,5,0.0760573247537887,0.8455160303263587
cloud_timesteps,p95,5,0.09079545772236218,0.8347881936203211
cloud_timesteps,p95,5,0.10838949660272666,0.8220287049225533
cloud_timesteps,p95,5,0.12939284925152128,0.8067756998525538
cloud_timesteps,p95,5,0.15446616104134347,0.788563419508988
cloud_timesteps,p95,5,0.18439809498645623,0.7669493106090686
cloud_timesteps,p95,5,0.22013013857147148,0.7424506365831298
cloud_timesteps,p95,5,0.26278621756398485,0.7138871257302876
cloud_timesteps,p95,5,0.3137080482923729,0.680932372904137
cloud_timesteps,p95,5,0.37449734036925936,0.6433585591906171
cloud_timesteps,p95,5,0.44706617731700243,0.6010579667766607
cloud_timesteps,p95,5,0.5336971597816021,0.5540590910383842
cloud_timesteps,p95,5,0.6371152030966143,0.5022835130709907
cloud_timesteps,p95,5,0.760573247537887,0.44898154756424974
cloud_timesteps,p95,6,0.000760573247537887,0.9921053383545636
cloud_timesteps,p95,6,0.0009079545772236219,0.9910864554824242
cloud_timesteps,p95,6,0.0010838949660272655,0.989907945839192
cloud_timesteps,p95,6,0.0012939284925152128,0.9884511550260577
cloud_timesteps,p95,6,0.0015446616104134332,0.986696365225541
cloud_timesteps,p95,6,0.0018439809498645623,0.9843601119628207
cloud_timesteps,p95,6,0.0022013013857147146,0.9812472358270082
cloud_timesteps,p95,6,0.002627862175639846,0.9771386308430904
cloud_timesteps,p95,6,0.003137080482923729,0.9740450732891658
cloud_timesteps,p95,6,0.0037449734036925936,0.9719725962731023
cloud_timesteps,p95,6,0.0044706617731700244,0.9690741156936387
cloud_timesteps,p95,6,0.005336971597816022,0.9643746722428331
cloud_timesteps,p95,6,0.006371152030966143,0.9580313922272936
cloud_timesteps,p95,6,0.0076057324753788695,0.9547533063431006
cloud_timesteps,p95,6,0.009079545772236217,0.9503970009029017
cloud_timesteps,p95,6,0.010838949660272662,0.9437468608221636
cloud_timesteps,p95,6,0.012939284925152129,0.9363164663308785
cloud_timesteps,p95,6,0.01544661610413434,0.9293288909995606
cloud_timesteps,p95,6,0.018439809498645623,0.9217573490181978
cloud_timesteps,p95,6,0.022013013857147146,0.9144189014417605
cloud_timesteps,p95,6,0.026278621756398474,0.905472859265243
cloud_timesteps,p95,6,0.03137080482923729,0.8946384765213109
cloud_timesteps,p95,6,0.03744973403692594,0.8814876725335253
cloud_timesteps,p95,6,0.04470661773170027,0.8680170433353104
cloud_timesteps,p95,6,0.05336971597816022,0.8618790454903229
cloud_timesteps,p95,6,0.0637115203096614,0.8544678437355813
cloud_timesteps,p95,6,0.0760573247537887,0.8455226604672591
cloud_timesteps,p95,6,0.09079545772236218,0.8347881960848257
cloud_timesteps,p95,6,0.10838949660272666,0.8220287048699984
cloud_timesteps,p95,6,0.12939284925152128,0.8067757007512282
cloud_timesteps,p95,6,0.15446616104134347,0.7885634193605257
cloud_timesteps,p95,6,0.18439809498645623,0.7669493118110281
cloud_timesteps,p95,6,0.22013013857147148,0.7424506357209399
cloud_timesteps,p95,6,0.26278621756398485,0.7138871249211184
cloud_timesteps,p95,6,0.3137080482923729,0.6809323721785107
cloud_timesteps,p95,6,0.37449734036925936,0.6433585585802872
cloud_timesteps,p95,6,0.44706617731700243,0.6010579663231149
cloud_timesteps,p95,6,0.5336971597816021,0.5540590962266495
cloud_timesteps,p95,6,0.6371152030966143,0.5022835314669691
cloud_timesteps,p95,6,0.760573247537887,0.44898154610443014
cloud_timesteps,p95,7,0.000760573247537887,0.9918538383236324
cloud_timesteps,p95,7,0.0009079545772236219,0.9910340864803202
cloud_timesteps,p95,7,0.0010838949660272655,0.9900965455941492
cloud_timesteps,p95,7,0.0012939284925152128,0.9888985821340535
cloud_timesteps,p95,7,0.0015446616104134332,0.9874517696422486
cloud_timesteps,p95,7,0.0018439809498645623,0.9856409856411916
cloud_timesteps,p95,7,0.0022013013857147146,0.9832573260314829
cloud_timesteps,p95,7,0.002627862175639846,0.9801163473222398
cloud_timesteps,p95,7,0.003137080482923729,0.9757883056234246
cloud_timesteps,p95,7,0.0037449734036925936,0.9719683756070482
cloud_timesteps,p95,7,0.0044706617731700244,0.9690852495260496
cloud_timesteps,p95,7,0.005336971597816022,0.9643818393754017
cloud_timesteps,p95,7,0.006371152030966143,0.9581835095788943
cloud_timesteps,p95,7,0.0076057324753788695,0.9548726569768453
cloud_timesteps,p95,7,0.009079545772236217,0.9503979527959119
cloud_timesteps,p95,7,0.010838949660272662,0.9438752196257382
cloud_timesteps,p95,7,0.012939284925152129,0.9364830504302709
cloud_timesteps,p95,7,0.01544661610413434,0.9293327973973702
cloud_timesteps,p95,7,0.018439809498645623,0.920583527816284
cloud_timesteps,p95,7,0.022013013857147146,0.912785724808035
cloud_timesteps,p95,7,0.026278621756398474,0.9046942129053348
cloud_timesteps,p95,7,0.03137080482923729,0.8950430371918948
cloud_timesteps,p95,7,0.03744973403692594,0.8833659401912938
cloud_timesteps,p95,7,0.04470661773170027,0.869308293677375
cloud_timesteps,p95,7,0.05336971597816022,0.8618957119691681
cloud_timesteps,p95,7,0.0637115203096614,0.8544960894059138
cloud_timesteps,p95,7,0.0760573247537887,0.8455668138009693
cloud_timesteps,p95,7,0.09079545772236218,0.8348033376524547
cloud_timesteps,p95,7,0.10838949660272666,0.8220287048395895
cloud_timesteps,p95,7,0.12939284925152128,0.8067757007064433
cloud_timesteps,p95,7,0.15446616104134347,0.7885634193011622
cloud_timesteps,p95,7,0.18439809498645623,0.7669493117420946
cloud_timesteps,p95,7,0.22013013857147148,0.7424506354398918
cloud_timesteps,p95,7,0.26278621756398485,0.7138871246743351
cloud_timesteps,p95,7,0.3137080482923729,0.6809323719800122
cloud_timesteps,p95,7,0.37449734036925936,0.6433585584370001
cloud_timesteps,p95,7,0.44706617731700243,0.6010579662392476
cloud_timesteps,p95,7,0.5336971597816021,0.5540590954703286
cloud_timesteps,p95,7,0.6371152030966143,0.5022835314622895
cloud_timesteps,p95,7,0.760573247537887,0.4489815457557087
cloud_timesteps,p95,8,0.000760573247537887,0.9913931023041359
cloud_timesteps,p95,8,0.0009079545772236219,0.990681814178367
cloud_timesteps,p95,8,0.0010838949660272655,0.9898629647629651
cloud_timesteps,p95,8,0.0012939284925152128,0.988807703851364
cloud_timesteps,p95,8,0.0015446616104134332,0.9874753273665803
cloud_timesteps,p95,8,0.0018439809498645623,0.985920846283816
cloud_timesteps,p95,8,0.0022013013857147146,0.9838959766402459
cloud_timesteps,p95,8,0.002627862175639846,0.9812520642424378
cloud_timesteps,p95,8,0.003137080482923729,0.9775817777364403
cloud_timesteps,p95,8,0.0037449734036925936,0.9729197677784679
cloud_timesteps,p95,8,0.0044706617731700244,0.9690745690201052
cloud_timesteps,p95,8,0.005336971597816022,0.964384575726735
cloud_timesteps,p95,8,0.006371152030966143,0.9582369607022769
cloud_timesteps,p95,8,0.0076057324753788695,0.9549544418752883
cloud_timesteps,p95,8,0.009079545772236217,0.9503954558507199
cloud_timesteps,p95,8,0.010838949660272662,0.9439335306194498
cloud_timesteps,p95,8,0.012939284925152129,0.9368273699049411
cloud_timesteps,p95,8,0.01544661610413434,0.9293263467222829
cloud_timesteps,p95,8,0.018439809498645623,0.9205911962307769
cloud_timesteps,p95,8,0.022013013857147146,0.9124904786470885
cloud_timesteps,p95,8,0.026278621756398474,0.9036765267069627
cloud_timesteps,p95,8,0.03137080482923729,0.8946403210610013
cloud_timesteps,p95,8,0.03744973403692594,0.883949436728309
cloud_timesteps,p95,8,0.04470661773170027,0.8710702249521031
cloud_timesteps,p95,8,0.05336971597816022,0.8618991903077574
cloud_timesteps,p95,8,0.0637115203096614,0.8545049828957489
cloud_timesteps,p95,8,0.0760573247537887,0.8455840377350884
cloud_timesteps,p95,8,0.09079545772236218,0.8348319696330079
cloud_timesteps,p95,8,0.10838949660272666,0.8220371794760337
cloud_timesteps,p95,8,0.12939284925152128,0.8067757006847401
cloud_timesteps,p95,8,0.15446616104134347,0.7885634192758938
cloud_timesteps,p95,8,0.18439809498645623,0.7669493117155065
cloud_timesteps,p95,8,0.22013013857147148,0.7424506353429791
cloud_timesteps,p95,8,0.26278621756398485,0.7138871245972834
cloud_timesteps,p95,8,0.3137080482923729,0.6809323719268249
cloud_timesteps,p95,8,0.37449734036925936,0.6433585584082203
cloud_timesteps,p95,8,0.44706617731700243,0.6010579662306319
cloud_timesteps,p95,8,0.5336971597816021,0.5540590952590093
cloud_timesteps,p95,8,0.6371152030966143,0.5022835314622895
cloud_timesteps,p95,8,0.760573247537887,0.44898154568342025
cloud_timesteps,var,1,0.000760573247537887,0.00025365939481185524
cloud_timesteps,var,1,0.0009079545772236219,0.00025333465563483497
cloud_timesteps,var,1,0.0010838949660272655,0.00025294748850448535
cloud_timesteps,var,1,0.0012939284925152128,0.00025248600760214196
cloud_timesteps,var,1,0.0015446616104134332,0.0002519361131430116
cloud_timesteps,var,1,0.0018439809498645623,0.0002512810998878854
cloud_timesteps,var,1,0.0022013013857147146,0.0002505012054646237
cloud_timesteps,var,1,0.002627862175639846,0.0002495730933024531
cloud_timesteps,var,1,0.003137080482923729,0.0002484692665889721
cloud_timesteps,var,1,0.0037449734036925936,0.0002471574125967815
cloud_timesteps,var,1,0.0044706617731700244,0.0002455996816219259
cloud_timesteps,var,1,0.005336971597816022,0.000243751912495162
cloud_timesteps,var,1,0.006371152030966143,0.00024156282834001503
cloud_timesteps,var,1,0.0076057324753788695,0.00023897324350762652
cloud_timesteps,var,1,0.009079545772236217,0.0002359153474112982
cloud_timesteps,var,1,0.010838949660272662,0.0002323121657849495
cloud_timesteps,var,1,0.012939284925152129,0.00022807734760219733
cloud_timesteps,var,1,0.01544661610413434,0.00022311548963337868
cloud_timesteps,var,1,0.018439809498645623,0.00021732329319093286
cloud_timesteps,var,1,0.022013013857147146,0.00021059195043410126
cloud_timesteps,var,1,0.026278621756398474,0.00020281127871395643
cloud_timesteps,var,1,0.03137080482923729,0.00019387625208996143
cloud_timesteps,var,1,0.03744973403692594,0.00018369669822637094
cloud_timesteps,var,1,0.04470661773170027,0.0001722109943284251
cloud_timesteps,var,1,0.05336971597816022,0.00015940453228080231
cloud_timesteps,var,1,0.0637115203096614,0.0001453334061465593
cloud_timesteps,var,1,0.0760573247537887,0.00013015301422567222
cloud_timesteps,var,1,0.09079545772236218,0.000114149799529264
cloud_timesteps,var,1,0.10838949660272666,9.777186983013055e-05
cloud_timesteps,var,1,0.12939284925152128,8.165051729307237e-05
cloud_timesteps,var,1,0.15446616104134347,6.659989641223579e-05
cloud_timesteps,var,1,0.18439809498645623,5.357767130794918e-05
cloud_timesteps,var,1,0.22013013857147148,4.3589116845100157e-05
cloud_timesteps,var,1,0.26278621756398485,3.7528954119714216e-05
cloud_timesteps,var,1,0.3137080482923729,3.599245021330421e-05
cloud_timesteps,var,1,0.37449734036925936,3.9166632613096535e-05
cloud_timesteps,var,1,0.44706617731700243,4.704632985738112e-05
cloud_timesteps,var,1,0.5336971597816021,6.041579126232663e-05
cloud_timesteps,var,1,0.6371152030966143,8.339957159587846e-05
cloud_timesteps,var,1,0.760573247537887,0.00011066026502163528
cloud_timesteps,var,2,0.000760573247537887,3.5850635585418176e-05
cloud_timesteps,var,2,0.0009079545772236219,3.627209819157544e-05
cloud_timesteps,var,2,0.0010838949660272655,3.675644922545964e-05
cloud_timesteps,var,2,0.0012939284925152128,3.731775999256106e-05
cloud_timesteps,var,2,0.0015446616104134332,3.7993958335776634e-05
cloud_timesteps,var,2,0.0018439809498645623,3.8704807388423385e-05
cloud_timesteps,var,2,0.0022013013857147146,3.945577796591591e-05
cloud_timesteps,var,2,0.002627862175639846,4.030614124265991e-05
cloud_timesteps,var,2,0.003137080482923729,4.132018925712724e-05
cloud_timesteps,var,2,0.0037449734036925936,4.25401999747023e-05
cloud_timesteps,var,2,0.0044706617731700244,4.3776609149643584e-05
cloud_timesteps,var,2,0.005336971597816022,4.506078989628514e-05
cloud_timesteps,var,2,0.006371152030966143,4.5917192463943106e-05
cloud_timesteps,var,2,0.0076057324753788695,4.620698824506431e-05
cloud_timesteps,var,2,0.009079545772236217,4.6406137838029947e-05
cloud_timesteps,var,2,0.010838949660272662,4.583485214968678e-05
cloud_timesteps,var,2,0.012939284925152129,4.4358715448987066e-05
cloud_timesteps,var,2,0.01544661610413434,1.648859809408402e-05
cloud_timesteps,var,2,0.018439809498645623,3.207543844324252e-05
cloud_timesteps,var,2,0.022013013857147146,3.204094048152302e-05
cloud_timesteps,var,2,0.026278621756398474,3.199702462186308e-05
cloud_timesteps,var,2,0.03137080482923729,3.1941541924244125e-05
cloud_timesteps,var,2,0.03744973403692594,3.187241677411894e-05
cloud_timesteps,var,2,0.04470661773170027,3.1788319538952076e-05
cloud_timesteps,var,2,0.05336971597816022,3.169004241967208e-05
cloud_timesteps,var,2,0.0637115203096614,3.1583151483278624e-05
cloud_timesteps,var,2,0.0760573247537887,3.148249112767364e-05
cloud_timesteps,var,2,0.09079545772236218,3.142038747608445e-05
cloud_timesteps,var,2,0.10838949660272666,3.145932048569084e-05
cloud_timesteps,var,2,0.12939284925152128,3.171268902911497e-05
cloud_timesteps,var,2,0.15446616104134347,3.236943397479831e-05
cloud_timesteps,var,2,0.18439809498645623,3.373538992521954e-05
cloud_timesteps,var,2,0.22013013857147148,3.6282786396578826e-05
cloud_timesteps,var,2,0.26278621756398485,4.068112659178942e-05
cloud_timesteps,var,2,0.3137080482923729,4.789735574010493e-05
cloud_timesteps,var,2,0.37449734036925936,5.92287677689025e-05
cloud_timesteps,var,2,0.44706617731700243,7.64821059123806e-05
cloud_timesteps,var,2,0.5336971597816021,0.00010234618604622015
cloud_timesteps,var,2,0.6371152030966143,0.00014150433427447944
cloud_timesteps,var,2,0.760573247537887,0.0001735939147614672
cloud_timesteps,var,3,0.000760573247537887,3.9145662096474216e-05
cloud_timesteps,var,3,0.0009079545772236219,5.230544717009892e-05
cloud_timesteps,var,3,0.0010838949660272655,5.705084851294841e-05
cloud_timesteps,var,3,0.0012939284925152128,5.2816306562617906e-05
cloud_timesteps,var,3,0.0015446616104134332,4.9713402434676535e-05
cloud_timesteps,var,3,0.0018439809498645623,3.536436457689569e-05
cloud_timesteps,var,3,0.0022013013857147146,3.0527226321366854e-05
cloud_timesteps,var,3,0.002627862175639846,3.079137558797251e-05
cloud_timesteps,var,3,0.003137080482923729,3.108090241847213e-05
cloud_timesteps,var,3,0.0037449734036925936,3.1384804968006744e-05
cloud_timesteps,var,3,0.0044706617731700244,3.1715873487525614e-05
cloud_timesteps,var,3,0.005336971597816022,3.2008186308725476e-05
cloud_timesteps,var,3,0.006371152030966143,3.22848911800705e-05
cloud_timesteps,var,3,0.0076057324753788695,3.256614027361988e-05
cloud_timesteps,var,3,0.009079545772236217,3.4228855997298195e-05
cloud_timesteps,var,3,0.010838949660272662,3.2866027193003695e-05
cloud_timesteps,var,3,0.012939284925152129,3.262600853812485e-05
cloud_timesteps,var,3,0.01544661610413434,3.209414808494203e-05
cloud_timesteps,var,3,0.018439809498645623,3.1004982830017556e-05
cloud_timesteps,var,3,0.022013013857147146,2.937775561379325e-05
cloud_timesteps,var,3,0.026278621756398474,1.3350699052721829e-05
cloud_timesteps,var,3,0.03137080482923729,3.089026448134208e-05
cloud_timesteps,var,3,0.03744973403692594,3.063481272445897e-05
cloud_timesteps,var,3,0.04470661773170027,3.0351856494798426e-05
cloud_timesteps,var,3,0.05336971597816022,3.0044191909066887e-05
cloud_timesteps,var,3,0.0637115203096614,2.9726762035308434e-05
cloud_timesteps,var,3,0.0760573247537887,2.9424189917620362e-05
cloud_timesteps,var,3,0.09079545772236218,2.9178323222550386e-05
cloud_timesteps,var,3,0.10838949660272666,2.9073434007397825e-05
cloud_timesteps,var,3,0.12939284925152128,2.9230674190580343e-05
cloud_timesteps,var,3,0.15446616104134347,2.9859399501183464e-05
cloud_timesteps,var,3,0.18439809498645623,3.127716176421304e-05
cloud_timesteps,var,3,0.22013013857147148,3.394626429304623e-05
cloud_timesteps,var,3,0.26278621756398485,3.8551289139304205e-05
cloud_timesteps,var,3,0.3137080482923729,4.609450247323651e-05
cloud_timesteps,var,3,0.37449734036925936,5.792306588116966e-05
cloud_timesteps,var,3,0.44706617731700243,7.60518472178661e-05
cloud_timesteps,var,3,0.5336971597816021,0.00010233536932107794
cloud_timesteps,var,3,0.6371152030966143,0.0001415043577594227
cloud_timesteps,var,3,0.760573247537887,0.0001735938365118528
cloud_timesteps,var,4,0.000760573247537887,4.220777011002666e-05
cloud_timesteps,var,4,0.0009079545772236219,4.488112280019597e-05
cloud_timesteps,var,4,0.0010838949660272655,4.8256107920036196e-05
cloud_timesteps,var,4,0.0012939284925152128,4.7107277519292514e-05
cloud_timesteps,var,4,0.0015446616104134332,4.633782270403008e-05
cloud_timesteps,var,4,0.0018439809498645623,3.3650558020148486e-05
cloud_timesteps,var,4,0.0022013013857147146,3.161816359154081e-05
cloud_timesteps,var,4,0.002627862175639846,3.3441646415096696e-05
cloud_timesteps,var,4,0.003137080482923729,3.310958240299412e-05
cloud_timesteps,var,4,0.0037449734036925936,4.038599448625004e-05
cloud_timesteps,var,4,0.0044706617731700244,6.12337665039205e-05
cloud_timesteps,var,4,0.005336971597816022,4.114337161252823e-05
cloud_timesteps,var,4,0.006371152030966143,2.4992768198894928e-05
cloud_timesteps,var,4,0.0076057324753788695,2.5062063003343243e-05
cloud_timesteps,var,4,0.009079545772236217,2.5106858977898034e-05
cloud_timesteps,var,4,0.010838949660272662,2.5117716720621698e-05
cloud_timesteps,var,4,0.012939284925152129,2.501772390799814e-05
cloud_timesteps,var,4,0.01544661610413434,2.473163056266581e-05
cloud_timesteps,var,4,0.018439809498645623,2.5106682764535982e-05
cloud_timesteps,var,4,0.022013013857147146,2.347079123808521e-05
cloud_timesteps,var,4,0.026278621756398474,2.2252468823928704e-05
cloud_timesteps,var,4,0.03137080482923729,2.0568038451820907e-05
cloud_timesteps,var,4,0.03744973403692594,2.476675284720734e-05
cloud_timesteps,var,4,0.04470661773170027,3.035277540984598e-05
cloud_timesteps,var,4,0.05336971597816022,3.004541514936183e-05
cloud_timesteps,var,4,0.0637115203096614,2.972686119647555e-05
cloud_timesteps,var,4,0.0760573247537887,2.942446570756335e-05
cloud_timesteps,var,4,0.09079545772236218,2.9180723898763566e-05
cloud_timesteps,var,4,0.10838949660272666,2.9071744438277607e-05
cloud_timesteps,var,4,0.12939284925152128,2.9233108568789615e-05
cloud_timesteps,var,4,0.15446616104134347,2.986217871796973e-05
cloud_timesteps,var,4,0.18439809498645623,3.127838952323215e-05
cloud_timesteps,var,4,0.22013013857147148,3.394762195947437e-05
cloud_timesteps,var,4,0.26278621756398485,3.855248196955907e-05
cloud_timesteps,var,4,0.3137080482923729,4.609518287649761e-05
cloud_timesteps,var,4,0.37449734036925936,5.7923345075357057e-05
cloud_timesteps,var,4,0.44706617731700243,7.605140112607984e-05
cloud_timesteps,var,4,0.5336971597816021,0.00010233528373258416
cloud_timesteps,var,4,0.6371152030966143,0.00014150426952448742
cloud_timesteps,var,4,0.760573247537887,0.00017359373576703
cloud_timesteps,var,5,0.000760573247537887,4.690024811163159e-05
cloud_timesteps,var,5,0.0009079545772236219,5.075717807389161e-05
cloud_timesteps,var,5,0.0010838949660272655,5.510118339245034e-05
cloud_timesteps,var,5,0.0012939284925152128,5.491774159604673e-05
cloud_timesteps,var,5,0.0015446616104134332,5.117805571593932e-05
cloud_timesteps,var,5,0.0018439809498645623,3.502350793338764e-05
cloud_timesteps,var,5,0.0022013013857147146,2.7029970673144403e-05
cloud_timesteps,var,5,0.002627862175639846,2.9655327929289446e-05
cloud_timesteps,var,5,0.003137080482923729,3.137101118529163e-05
cloud_timesteps,var,5,0.0037449734036925936,4.072375776882225e-05
cloud_timesteps,var,5,0.0044706617731700244,6.270952885922411e-05
cloud_timesteps,var,5,0.005336971597816022,4.147007877325011e-05
cloud_timesteps,var,5,0.006371152030966143,2.7268133199822893e-05
cloud_timesteps,var,5,0.0076057324753788695,3.0205945207851082e-05
cloud_timesteps,var,5,0.009079545772236217,4.193895171695469e-05
cloud_timesteps,var,5,0.010838949660272662,2.693525166980417e-05
cloud_timesteps,var,5,0.012939284925152129,2.0922602092379853e-05
cloud_timesteps,var,5,0.01544661610413434,2.075741256537132e-05
cloud_timesteps,var,5,0.018439809498645623,2.0453683731807363e-05
cloud_timesteps,var,5,0.022013013857147146,2.001741031150717e-05
cloud_timesteps,var,5,0.026278621756398474,1.981323687732817e-05
cloud_timesteps,var,5,0.03137080482923729,1.8378507823445956e-05
cloud_timesteps,var,5,0.03744973403692594,1.704241456847361e-05
cloud_timesteps,var,5,0.04470661773170027,3.053394579234162e-05
cloud_timesteps,var,5,0.05336971597816022,3.0115023283450023e-05
cloud_timesteps,var,5,0.0637115203096614,2.9726737053298846e-05
cloud_timesteps,var,5,0.0760573247537887,2.9424335277854648e-05
cloud_timesteps,var,5,0.09079545772236218,2.9178152594986747e-05
cloud_timesteps,var,5,0.10838949660272666,2.9073018284934962e-05
cloud_timesteps,var,5,0.12939284925152128,2.923251685222879e-05
cloud_timesteps,var,5,0.15446616104134347,2.9861537259685915e-05
cloud_timesteps,var,5,0.18439809498645623,3.127954691692545e-05
cloud_timesteps,var,5,0.22013013857147148,3.3948317397572276e-05
cloud_timesteps,var,5,0.26278621756398485,3.855157307763048e-05
cloud_timesteps,var,5,0.3137080482923729,4.609539254487651e-05
cloud_timesteps,var,5,0.37449734036925936,5.792349773367181e-05
cloud_timesteps,var,5,0.44706617731700243,7.605143006612828e-05
cloud_timesteps,var,5,0.5336971597816021,0.00010233538511923514
cloud_timesteps,var,5,0.6371152030966143,0.00014150423872256708
cloud_timesteps,var,5,0.760573247537887,0.0001735938835125938
cloud_timesteps,var,6,0.000760573247537887,4.126406886038168e-05
cloud_timesteps,var,6,0.0009079545772236219,4.2433667440837386e-05
cloud_timesteps,var,6,0.0010838949660272655,4.5073494610895054e-05
cloud_timesteps,var,6,0.0012939284925152128,4.811691571142791e-05
cloud_timesteps,var,6,0.0015446616104134332,5.1592285540982e-05
cloud_timesteps,var,6,0.0018439809498645623,5.5248806656399504e-05
cloud_timesteps,var,6,0.0022013013857147146,4.6363592319519675e-05
cloud_timesteps,var,6,0.002627862175639846,3.32558023632009e-05
cloud_timesteps,var,6,0.003137080482923729,2.8905358375690962e-05
cloud_timesteps,var,6,0.0037449734036925936,3.6915800003443585e-05
cloud_timesteps,var,6,0.0044706617731700244,6.061783603241284e-05
cloud_timesteps,var,6,0.005336971597816022,4.1888529988216985e-05
cloud_timesteps,var,6,0.006371152030966143,2.817937244897403e-05
cloud_timesteps,var,6,0.0076057324753788695,3.135693926374972e-05
cloud_timesteps,var,6,0.009079545772236217,4.273967293767886e-05
cloud_timesteps,var,6,0.010838949660272662,2.8276571712379195e-05
cloud_timesteps,var,6,0.012939284925152129,2.970885208558105e-05
cloud_timesteps,var,6,0.01544661610413434,2.389993418881992e-05
cloud_timesteps,var,6,0.018439809498645623,1.878286223304718e-05
cloud_timesteps,var,6,0.022013013857147146,1.858038501868843e-05
cloud_timesteps,var,6,0.026278621756398474,1.8190036631528374e-05
cloud_timesteps,var,6,0.03137080482923729,1.7556332910248938e-05
cloud_timesteps,var,6,0.03744973403692594,1.6586766170888195e-05
cloud_timesteps,var,6,0.04470661773170027,1.6006481749634602e-05
cloud_timesteps,var,6,0.05336971597816022,3.024864479848344e-05
cloud_timesteps,var,6,0.0637115203096614,2.9902694926377848e-05
cloud_timesteps,var,6,0.0760573247537887,2.9447759246581832e-05
cloud_timesteps,var,6,0.09079545772236218,2.9178314740845603e-05
cloud_timesteps,var,6,0.10838949660272666,2.9072776513738247e-05
cloud_timesteps,var,6,0.12939284925152128,2.923200207652294e-05
cloud_timesteps,var,6,0.15446616104134347,2.986203324647784e-05
cloud_timesteps,var,6,0.18439809498645623,3.127865172917854e-05
cloud_timesteps,var,6,0.22013013857147148,3.3947323473031e-05
cloud_timesteps,var,6,0.26278621756398485,3.85516152030533e-05
cloud_timesteps,var,6,0.3137080482923729,4.60954009611634e-05
cloud_timesteps,var,6,0.37449734036925936,5.792347223736557e-05
cloud_timesteps,var,6,0.44706617731700243,7.60514008817152e-05
cloud_timesteps,var,6,0.5336971597816021,0.00010233539403282503
cloud_timesteps,var,6,0.6371152030966143,0.00014150444826288526
cloud_timesteps,var,6,0.760573247537887,0.0001735938454860298
cloud_timesteps,var,7,0.000760573247537887,3.973744690537941e-05
cloud_timesteps,var,7,0.0009079545772236219,4.049872546915537e-05
cloud_timesteps,var,7,0.0010838949660272655,4.250776281235501e-05
cloud_timesteps,var,7,0.0012939284925152128,4.475870513375362e-05
cloud_timesteps,var,7,0.0015446616104134332,4.7338185416363686e-05
cloud_timesteps,var,7,0.0018439809498645623,5.0429073996810274e-05
cloud_timesteps,var,7,0.0022013013857147146,5.395852779649029e-05
cloud_timesteps,var,7,0.002627862175639846,4.85597824083936e-05
cloud_timesteps,var,7,0.003137080482923729,3.41751516753774e-05
cloud_timesteps,var,7,0.0037449734036925936,3.550095112227736e-05
cloud_timesteps,var,7,0.0044706617731700244,5.830127755885182e-05
cloud_timesteps,var,7,0.005336971597816022,3.95048860677428e-05
cloud_timesteps,var,7,0.006371152030966143,2.8247744869658032e-05
cloud_timesteps,var,7,0.0076057324753788695,3.186727107547877e-05
cloud_timesteps,var,7,0.009079545772236217,4.31936076758262e-05
cloud_timesteps,var,7,0.010838949660272662,2.918059646199222e-05
cloud_timesteps,var,7,0.012939284925152129,3.094626390233225e-05
cloud_timesteps,var,7,0.01544661610413434,2.437301890986537e-05
cloud_timesteps,var,7,0.018439809498645623,2.2115699483631377e-05
cloud_timesteps,var,7,0.022013013857147146,1.694255339297565e-05
cloud_timesteps,var,7,0.026278621756398474,1.8010835285808957e-05
cloud_timesteps,var,7,0.03137080482923729,1.772045281426772e-05
cloud_timesteps,var,7,0.03744973403692594,1.7253314372431433e-05
cloud_timesteps,var,7,0.04470661773170027,1.3910750498160358e-05
cloud_timesteps,var,7,0.05336971597816022,3.0262231874351818e-05
cloud_timesteps,var,7,0.0637115203096614,2.994079639819118e-05
cloud_timesteps,var,7,0.0760573247537887,2.9610362015916328e-05
cloud_timesteps,var,7,0.09079545772236218,2.923363438077914e-05
cloud_timesteps,var,7,0.10838949660272666,2.907319282766755e-05
cloud_timesteps,var,7,0.12939284925152128,2.923224262989805e-05
cloud_timesteps,var,7,0.15446616104134347,2.9862188521490814e-05
cloud_timesteps,var,7,0.18439809498645623,3.127870167934835e-05
cloud_timesteps,var,7,0.22013013857147148,3.394733615419593e-05
cloud_timesteps,var,7,0.26278621756398485,3.855174830327315e-05
cloud_timesteps,var,7,0.3137080482923729,4.609538891268709e-05
cloud_timesteps,var,7,0.37449734036925936,5.792346062262022e-05
cloud_timesteps,var,7,0.44706617731700243,7.60513912051677e-05
cloud_timesteps,var,7,0.5336971597816021,0.00010233538768200492
cloud_timesteps,var,7,0.6371152030966143,0.00014150444595921295
cloud_timesteps,var,7,0.760573247537887,0.0001735938362303957
cloud_timesteps,var,8,0.000760573247537887,3.9095791693950046e-05
cloud_timesteps,var,8,0.0009079545772236219,3.913973220285155e-05
cloud_timesteps,var,8,0.0010838949660272655,4.110006646880017e-05
cloud_timesteps,var,8,0.0012939284925152128,4.2920754210936715e-05
cloud_timesteps,var,8,0.0015446616104134332,4.503101825968465e-05
cloud_timesteps,var,8,0.0018439809498645623,4.756593774445546e-05
cloud_timesteps,var,8,0.0022013013857147146,5.056065795739556e-05
cloud_timesteps,var,8,0.002627862175639846,5.596604306238421e-05
cloud_timesteps,var,8,0.003137080482923729,4.2621619173851185e-05
cloud_timesteps,var,8,0.0037449734036925936,3.8202049490318816e-05
cloud_timesteps,var,8,0.0044706617731700244,5.727360290720977e-05
cloud_timesteps,var,8,0.005336971597816022,3.825120097432079e-05
cloud_timesteps,var,8,0.006371152030966143,2.6789372932805135e-05
cloud_timesteps,var,8,0.0076057324753788695,3.202426235703735e-05
cloud_timesteps,var,8,0.009079545772236217,4.3401808146215854e-05
cloud_timesteps,var,8,0.010838949660272662,2.9607574337545177e-05
cloud_timesteps,var,8,0.012939284925152129,3.185754685500458e-05
cloud_timesteps,var,8,0.01544661610413434,2.513365137595089e-05
cloud_timesteps,var,8,0.018439809498645623,2.2119248960201978e-05
cloud_timesteps,var,8,0.022013013857147146,1.914018541572516e-05
cloud_timesteps,var,8,0.026278621756398474,1.7139720196267803e-05
cloud_timesteps,var,8,0.03137080482923729,1.8238653026951786e-05
cloud_timesteps,var,8,0.03744973403692594,1.7820180940316084e-05
cloud_timesteps,var,8,0.04470661773170027,1.7043417937364386e-05
cloud_timesteps,var,8,0.05336971597816022,3.026656933377576e-05
cloud_timesteps,var,8,0.0637115203096614,2.9944833110979597e-05
cloud_timesteps,var,8,0.0760573247537887,2.9643192661220914e-05
cloud_timesteps,var,8,0.09079545772236218,2.933819617093702e-05
cloud_timesteps,var,8,0.10838949660272666,2.9103692472051108e-05
cloud_timesteps,var,8,0.12939284925152128,2.92323186442934e-05
cloud_timesteps,var,8,0.15446616104134347,2.986221905686483e-05
cloud_timesteps,var,8,0.18439809498645623,3.127870840696162e-05
cloud_timesteps,var,8,0.22013013857147148,3.394733282559773e-05
cloud_timesteps,var,8,0.26278621756398485,3.8551741703637606e-05
cloud_timesteps,var,8,0.3137080482923729,4.609538291471893e-05
cloud_timesteps,var,8,0.37449734036925936,5.7923455734899065e-05
cloud_timesteps,var,8,0.44706617731700243,7.605147617842013e-05
cloud_timesteps,var,8,0.5336971597816021,0.00010233538555302767
cloud_timesteps,var,8,0.6371152030966143,0.00014150444526270958
cloud_timesteps,var,8,0.760573247537887,0.0001735938343045334
